{"budgets":{"desktopDecodedTextureBytes":39845888,"desktopDrawCalls":60,"desktopVisibleTriangles":150000,"materialCount":10,"mobileDecodedTextureBytes":18874368,"mobileDrawCalls":45,"mobileVisibleTriangles":100000,"optimizedGlbBytes":8388608,"optimizedTriangles":110000,"sourceTriangles":150000},"cameras":[{"aspect":0.5625,"diagnosticResolution":[270,480],"far":520.0,"lensShiftY":-0.055,"near":0.08,"position":[0.0,15.2,15.2],"profile":"portrait","projectionMatrix":[4.884404301252662,0.0,0.0,0.0,0.0,2.7474774194546225,0.0,0.0,0.0,-0.055,-1.0003077396522544,-1.0,0.0,0.0,-0.16002461917218036,0.0],"resolution":[540,960],"target":[0.0,0.55,-17.2],"up":[0.0,1.0,0.0],"verticalFovDegrees":40.0,"viewMatrix":[1.0,0.0,0.0,0.0,0.0,0.911183343236739,0.412001110445007,0.0,0.0,-0.412001110445007,0.911183343236739,0.0,-0.0,-7.587569938434327,-20.112403695962538,1.0]},{"aspect":1.7777777777777777,"diagnosticResolution":[480,270],"far":520.0,"lensShiftY":-0.025,"near":0.08,"position":[0.0,13.2,13.6],"profile":"desktop","projectionMatrix":[1.427989441311173,0.0,0.0,0.0,0.0,2.5386478956643073,0.0,0.0,0.0,-0.025,-1.0003077396522544,-1.0,0.0,0.0,-0.16002461917218036,0.0],"resolution":[960,540],"target":[0.0,0.6,-18.0],"up":[0.0,1.0,0.0],"verticalFovDegrees":43.0,"viewMatrix":[1.0,0.0,0.0,0.0,0.0,0.9288815856942897,0.37037683480215344,0.0,0.0,-0.37037683480215344,0.9288815856942897,0.0,-0.0,-7.224111977855336,-17.521763784830764,1.0]},{"aspect":2.164102564102564,"diagnosticResolution":[422,195],"far":520.0,"lensShiftY":-0.02,"near":0.08,"position":[0.0,10.6,12.8],"profile":"landscape","projectionMatrix":[1.0886047661981797,0.0,0.0,0.0,0.0,2.3558523658237527,0.0,0.0,0.0,-0.02,-1.0003077396522544,-1.0,0.0,0.0,-0.16002461917218036,0.0],"resolution":[844,390],"target":[0.0,0.55,-18.0],"up":[0.0,1.0,0.0],"verticalFovDegrees":46.0,"viewMatrix":[1.0,0.0,0.0,0.0,0.0,0.9506704898779228,0.31020254621016635,0.0,0.0,-0.31020254621016635,0.9506704898779228,0.0,-0.0,-6.106514601215851,-15.456729260265174,1.0]},{"aspect":1.3333333333333333,"diagnosticResolution":[320,240],"far":180.0,"lensShiftY":0.0,"near":0.05,"position":[0.0,5.4,8.8],"profile":"closeup","projectionMatrix":[1.684527580428162,0.0,0.0,0.0,0.0,2.246036773904216,0.0,0.0,0.0,0.0,-1.0005557099194222,-1.0,0.0,0.0,-0.1000277854959711,0.0],"resolution":[640,480],"target":[0.0,1.15,-3.4],"up":[0.0,1.0,0.0],"verticalFovDegrees":48.0,"viewMatrix":[1.0,0.0,0.0,0.0,0.0,0.9443400520683607,0.32897091977791254,0.0,0.0,-0.32897091977791254,0.9443400520683607,0.0,-0.0,-2.2044921871235177,-10.086635425002303,1.0]}],"collision":{"beamClearanceHeight":0.82,"gapClearanceHeight":0.52,"laneCenters":[-2.35,0,2.35],"laneTolerance":0.42,"laneWidth":2.35,"ringLowestSolidY":1.05,"roadBounds":[-3.2,3.2],"slidePoseMaxY":0.9,"slideTicks":31,"visualPadding":0.15,"visualSafetyBounds":[-2.92,2.92]},"construction":{"axis":{"forward":"-Z","right":"+X","up":"+Y"},"canyon":{"bandOrder":["near","mid","far"],"far":{"absXRange":[38.0,70.0],"contrast":0.3,"count":12,"saturation":0.24,"yRange":[-16.0,30.0],"zRange":[-180.0,-35.0]},"fullWidthWaterVisible":false,"mid":{"absXRange":[18.0,34.0],"contrast":0.58,"count":10,"saturation":0.48,"yRange":[-12.0,18.0],"zRange":[-140.0,-20.0]},"near":{"absXRange":[8.0,16.0],"contrast":0.86,"count":8,"saturation":0.72,"yRange":[-8.0,10.0],"zRange":[-100.0,-10.0]},"negativeSpaceCount":3,"occlusionBoundaryCount":2},"hazards":{"beam":{"action":"jump","collisionProxy":{"height":0.82,"widthAll":5.84,"widthLane":0.84},"semanticRoot":"TR4_Hazard_Beam","socketOrder":["entry","apex.clearance","exit","ground.L","ground.R"],"visualBounds":{"topYRange":[0.68,0.76],"widthLaneMax":1.55}},"column":{"action":"lane-change","collisionProxy":{"laneWidth":0.84},"semanticRoot":"TR4_Hazard_Column","socketOrder":["entry","safe.left","safe.right","exit","ground"],"visualBounds":{"widthLaneMax":1.55}},"gap":{"action":"jump","collisionProxy":{"clearanceHeight":0.52,"lengthFromCanonicalEvent":true},"semanticRoot":"TR4_Gap_Lips","socketOrder":["takeoff","apex.clearance","landing"],"visualBounds":{"hiddenFloor":false,"lipDepthMin":0.55}},"order":["beam","ring","column","gap"],"ring":{"action":"slide","collisionProxy":{"laneWidth":0.84,"requiresSlide":true},"semanticRoot":"TR4_Hazard_Ring","socketOrder":["entry","slide.clearance","exit","ground.L","ground.R"],"visualBounds":{"lowestSolidY":1.05,"openingHeight":0.9,"widthLaneMax":1.55}}},"lighting":{"fill":{"color":"#7EA6C4","energy":1.1,"rotationEulerDegrees":[62.0,18.0,148.0],"shadow":false},"fogColor":"#9AA7A8","fogDensity":0.016,"key":{"color":"#FFD7A3","energy":4.2,"rotationEulerDegrees":[38.0,-24.0,-32.0],"shadow":true},"worldColor":"#425466","worldStrength":0.22},"pursuer":{"bookendRoot":[0.0,0.0,2.4],"contactSocketOrder":["ground.front.L","ground.front.R","ground.rear.L","ground.rear.R","capture.target"],"height":1.78,"maxGroundError":0.03,"partOrder":["pelvisPlate","ribPlate","shoulderPlate","neck","head","jaw","foreleg.L.upper","foreleg.L.lower","paw.L.front","foreleg.R.upper","foreleg.R.lower","paw.R.front","hindleg.L.upper","hindleg.L.lower","paw.L.rear","hindleg.R.upper","hindleg.R.lower","paw.R.rear","dorsalSeam"],"triangleCeiling":24000},"road":{"bounds":[-3.2,3.2],"maxConsecutiveSignatureRepeats":2,"moduleCount":16,"moduleLengthRange":[6.0,11.0],"nearLoopShoulder":{"rightOuterX":4.45,"zRange":[2.8,5.2]},"rubbleEventsPerModule":1,"sideDepthRange":[2.5,8.0],"signatureOrder":["terrace-fracture","buttress-recess","collapsed-lip","strata-undercut","rubble-shoulder","split-ledge"],"strataEventsPerModule":2,"surfaceY":0.0,"thicknessRange":[0.55,1.2],"visualSafetyBounds":[-2.92,2.92],"width":6.4},"runner":{"contactSocketOrder":["ground.foot.L","ground.foot.R","camera.target"],"height":2.32,"maxGroundError":0.03,"partOrder":["pelvis","chest","head","upperArm.L","forearm.L","hand.L","upperArm.R","forearm.R","hand.R","thigh.L","shin.L","foot.L","thigh.R","shin.R","foot.R","coatTail.L","coatTail.R"],"poseOrder":["run.0","run.1","run.2","run.3","run.4","run.5","run.6","run.7","jump","slide","stumble","failure"],"root":[0.0,0.0,0.0],"triangleCeiling":18000},"tideScar":{"gapClipPadding":0.35,"hazardClipPadding":0.25,"loopControlPoints":[[3.0,0.035,4.0],[3.09,0.035,4.33],[3.33,0.035,4.56],[3.65,0.035,4.65],[3.98,0.035,4.56],[4.22,0.035,4.33],[4.3,0.035,4.0],[4.22,0.035,3.68],[3.98,0.035,3.44],[3.65,0.035,3.35],[3.33,0.035,3.44],[3.09,0.035,3.68],[3.0,0.035,4.0]],"mainCenterXRange":[3.0,3.06],"mainControlPoints":[[3.03,0.035,8.0],[3.05,0.035,0.0],[3.01,0.035,-10.0],[3.06,0.035,-22.0],[3.02,0.035,-36.0],[3.04,0.035,-52.0],[3.0,0.035,-70.0],[3.05,0.035,-92.0],[3.02,0.035,-120.0]],"mainWidthRange":[0.075,0.11],"surfaceOffsetY":0.035},"unitMeters":1.0},"constructionHash":"344f6cee493455c20e41981023233f652fa4d94107682251a2efe9efbcb5e90d","contractVersion":"TEMPLE-TR4-C4","materials":[{"baseColor":"#D8B98C","metallic":0.01,"name":"sandstone","normalStrength":0.42,"roughness":0.82},{"baseColor":"#8F7659","metallic":0.0,"name":"fresh-break","normalStrength":0.58,"roughness":0.9},{"baseColor":"#1B2935","metallic":0.02,"name":"basalt","normalStrength":0.48,"roughness":0.78},{"baseColor":"#334653","metallic":0.01,"name":"basalt-strata","normalStrength":0.62,"roughness":0.86},{"baseColor":"#F2EAD7","metallic":0.0,"name":"tide-scar","normalStrength":0.12,"roughness":0.9},{"baseColor":"#B44A38","metallic":0.03,"name":"coral-mineral","normalStrength":0.36,"roughness":0.74},{"baseColor":"#8A5B45","metallic":0.0,"name":"skin","normalStrength":0.18,"roughness":0.7},{"baseColor":"#203746","metallic":0.0,"name":"cloth","normalStrength":0.24,"roughness":0.88},{"baseColor":"#2A3338","metallic":0.02,"name":"leather","normalStrength":0.32,"roughness":0.76},{"baseColor":"#111A20","metallic":0.04,"name":"rock-armour","normalStrength":0.54,"roughness":0.72}],"outputs":[{"height":480,"index":0,"pass":"beauty","profile":"portrait","relativePath":"tr4-diagnostic-004-portrait-beauty.png","sceneId":"tr4-diagnostic-running-001",