{"blenderExecutable":"C:\\Program Files\\Blender Foundation\\Blender 4.5\\blender.exe","blenderVersion":"4.5.5 LTS","cameras":[{"aspect":0.5625,"diagnosticResolution":[270,480],"far":520.0,"lensShiftY":-0.055,"near":0.08,"position":[0.0,15.2,15.2],"profile":"portrait","projectionMatrix":[4.884404301252662,0.0,0.0,0.0,0.0,2.7474774194546225,0.0,0.0,0.0,-0.055,-1.0003077396522544,-1.0,0.0,0.0,-0.16002461917218036,0.0],"resolution":[540,960],"target":[0.0,0.55,-17.2],"up":[0.0,1.0,0.0],"verticalFovDegrees":40.0,"viewMatrix":[1.0,0.0,0.0,0.0,0.0,0.911183343236739,0.412001110445007,0.0,0.0,-0.412001110445007,0.911183343236739,0.0,-0.0,-7.587569938434327,-20.112403695962538,1.0]},{"aspect":1.7777777777777777,"diagnosticResolution":[480,270],"far":520.0,"lensShiftY":-0.025,"near":0.08,"position":[0.0,13.2,13.6],"profile":"desktop","projectionMatrix":[1.427989441311173,0.0,0.0,0.0,0.0,2.5386478956643073,0.0,0.0,0.0,-0.025,-1.0003077396522544,-1.0,0.0,0.0,-0.16002461917218036,0.0],"resolution":[960,540],"target":[0.0,0.6,-18.0],"up":[0.0,1.0,0.0],"verticalFovDegrees":43.0,"viewMatrix":[1.0,0.0,0.0,0.0,0.0,0.9288815856942897,0.37037683480215344,0.0,0.0,-0.37037683480215344,0.9288815856942897,0.0,-0.0,-7.224111977855336,-17.521763784830764,1.0]},{"aspect":2.164102564102564,"diagnosticResolution":[422,195],"far":520.0,"lensShiftY":-0.02,"near":0.08,"position":[0.0,10.6,12.8],"profile":"landscape","projectionMatrix":[1.0886047661981797,0.0,0.0,0.0,0.0,2.3558523658237527,0.0,0.0,0.0,-0.02,-1.0003077396522544,-1.0,0.0,0.0,-0.16002461917218036,0.0],"resolution":[844,390],"target":[0.0,0.55,-18.0],"up":[0.0,1.0,0.0],"verticalFovDegrees":46.0,"viewMatrix":[1.0,0.0,0.0,0.0,0.0,0.9506704898779228,0.31020254621016635,0.0,0.0,-0.31020254621016635,0.9506704898779228,0.0,-0.0,-6.106514601215851,-15.456729260265174,1.0]},{"aspect":1.3333333333333333,"diagnosticResolution":[320,240],"far":180.0,"lensShiftY":0.0,"near":0.05,"position":[0.0,5.4,8.8],"profile":"closeup","projectionMatrix":[1.684527580428162,0.0,0.0,0.0,0.0,2.246036773904216,0.0,0.0,0.0,0.0,-1.0005557099194222,-1.0,0.0,0.0,-0.1000277854959711,0.0],"resolution":[640,480],"target":[0.0,1.15,-3.4],"up":[0.0,1.0,0.0],"verticalFovDegrees":48.0,"viewMatrix":[1.0,0.0,0.0,0.0,0.0,0.9443400520683607,0.32897091977791254,0.0,0.0,-0.32897091977791254,0.9443400520683607,0.0,-0.0,-2.2044921871235177,-10.086635425002303,1.0]}],"matrixElement":[2,1],"probeId":"001","schemaId":"tide-relay.temple-tr4.camera-probe-plan","schemaVersion":1,"scripts":{"generator":{"path":"E:\\Proj\\Game-1-temple\\tools\\temple-asset-pipeline\\generate_tide_scar_tr4_pack.py","sha256":"e84598618d8dbb0df03c9b7c33d9a1c556d304433b71729a9605d0ab8bba4877"},"runner":{"path":"E:\\Proj\\Game-1-temple\\tools\\temple-asset-pipeline\\run_tide_scar_tr4_pack.py","sha256":"4972c7d209da0bd8dec9e118a546cbeb05b0786e0673f8fe71afd9567d4e0fdc"}},"verdict":"READY_FOR_CAMERA_PROBE"}
