{"blenderVersion":"4.5.5 LTS","diagnosticId":"003","profiles":[{"actual":-0.05499999225139618,"b0":0.0,"b1":2.000000238418579,"difference":[0.0,0.0,0.0,0.0,0.0,0.0,2.000000238418579,0.0,0.0,0.0,0.0,0.0,0.0,0.0,0.0,0.0],"dominanceRatio":2000000238418.579,"evaluatedShift0":0.0,"evaluatedShift1":1.0,"evaluatedSolvedShift":-0.02749999612569809,"lensShiftY":-0.055,"matrix0":[4.88440465927124,0.0,0.0,0.0,0.0,2.7474775314331055,0.0,0.0,0.0,0.0,-1.0003077983856201,-0.16002461314201355,0.0,0.0,-1.0,0.0],"matrix1":[4.88440465927124,0.0,0.0,0.0,0.0,2.7474775314331055,2.000000238418579,0.0,0.0,0.0,-1.0003077983856201,-0.16002461314201355,0.0,0.0,-1.0,0.0],"matrixSolved":[4.88440465927124,0.0,0.0,0.0,0.0,2.7474775314331055,-0.05499999225139618,0.0,0.0,0.0,-1.0003077983856201,-0.16002461314201355,0.0,0.0,-1.0,0.0],"maxOffTargetCalibrationDelta":0.0,"maxOffTargetSolvedDelta":0.0,"maxProjectionError":3.5801857833916984e-07,"originalShift0":0.0,"originalShift1":1.0,"profile":"portrait","response":2.000000238418579,"solvedDifference":[0.0,0.0,0.0,0.0,0.0,0.0,-0.05499999225139618,0.0,0.0,0.0,0.0,0.0,0.0,0.0,0.0,0.0],"solvedShift":-0.02749999672174493,"targetError":7.748603821078337e-09,"webglMatrix":[4.88440465927124,0.0,0.0,0.0,0.0,2.7474775314331055,0.0,0.0,0.0,-0.05499999225139618,-1.0003077983856201,-1.0,0.0,0.0,-0.16002461314201355,0.0]},{"actual":-0.02500002086162567,"b0":0.0,"b1":2.000000238418579,"difference":[0.0,0.0,0.0,0.0,0.0,2.384185791015625e-07,2.000000238418579,0.0,0.0,0.0,0.0,0.0,0.0,0.0,0.0,0.0],"dominanceRatio":8388609.0,"evaluatedShift0":0.0,"evaluatedShift1":1.0,"evaluatedSolvedShift":-0.012499998323619366,"lensShiftY":-0.025,"matrix0":[1.4279893636703491,0.0,0.0,0.0,0.0,2.5386478900909424,0.0,0.0,0.0,0.0,-1.0003077983856201,-0.16002461314201355,0.0,0.0,-1.0,0.0],"matrix1":[1.4279893636703491,0.0,0.0,0.0,0.0,2.5386481285095215,2.000000238418579,0.0,0.0,0.0,-1.0003077983856201,-0.16002461314201355,0.0,0.0,-1.0,0.0],"matrixSolved":[1.4279893636703491,0.0,0.0,0.0,0.0,2.5386478900909424,-0.02500002086162567,0.0,0.0,0.0,-1.0003077983856201,-0.16002461314201355,0.0,0.0,-1.0,0.0],"maxOffTargetCalibrationDelta":2.384185791015625e-07,"maxOffTargetSolvedDelta":0.0,"maxProjectionError":7.764082377015313e-08,"originalShift0":0.0,"originalShift1":1.0,"profile":"desktop","response":2.000000238418579,"solvedDifference":[0.0,0.0,0.0,0.0,0.0,0.0,-0.02500002086162567,0.0,0.0,0.0,0.0,0.0,0.0,0.0,0.0,0.0],"solvedShift":-0.012499998509884059,"targetError":2.086162566999894e-08,"webglMatrix":[1.4279893636703491,0.0,0.0,0.0,0.0,2.5386478900909424,0.0,0.0,0.0,-0.02500002086162567,-1.0003077983856201,-1.0,0.0,0.0,-0.16002461314201355,0.0]},{"actual":-0.01999993994832039,"b0":0.0,"b1":1.999999761581421,"difference":[0.0,0.0,0.0,0.0,0.0,-2.384185791015625e-07,1.999999761581421,0.0,0.0,0.0,0.0,0.0,0.0,0.0,0.0,0.0],"dominanceRatio":8388607.0,"evaluatedShift0":0.0,"evaluatedShift1":1.0,"evaluatedSolvedShift":-0.010000001639127731,"lensShiftY":-0.02,"matrix0":[1.0886046886444092,0.0,0.0,0.0,0.0,2.3558523654937744,0.0,0.0,0.0,0.0,-1.0003077983856201,-0.16002461314201355,0.0,0.0,-1.0,0.0],"matrix1":[1.0886046886444092,0.0,0.0,0.0,0.0,2.3558521270751953,1.999999761581421,0.0,0.0,0.0,-1.0003077983856201,-0.16002461314201355,0.0,0.0,-1.0,0.0],"matrixSolved":[1.0886046886444092,0.0,0.0,0.0,0.0,2.3558523654937744,-0.01999993994832039,0.0,0.0,0.0,-1.0003077983856201,-0.16002461314201355,0.0,0.0,-1.0,0.0],"maxOffTargetCalibrationDelta":2.384185791015625e-07,"maxOffTargetSolvedDelta":0.0,"maxProjectionError":7.755377051665846e-08,"originalShift0":0.0,"originalShift1":1.0,"profile":"landscape","response":1.999999761581421,"solvedDifference":[0.0,0.0,0.0,0.0,0.0,0.0,-0.01999993994832039,0.0,0.0,0.0,0.0,0.0,0.0,0.0,0.0,0.0],"solvedShift":-0.010000001192093037,"targetError":6.005167961162239e-08,"webglMatrix":[1.0886046886444092,0.0,0.0,0.0,0.0,2.3558523654937744,0.0,0.0,0.0,-0.01999993994832039,-1.0003077983856201,-1.0,0.0,0.0,-0.16002461314201355,0.0]},{"actual":0.0,"b0":0.0,"b1":1.9999998807907104,"difference":[0.0,0.0,0.0,0.0,0.0,-2.384185791015625e-07,1.9999998807907104,0.0,0.0,0.0,0.0,0.0,0.0,0.0,0.0,0.0],"dominanceRatio":8388607.5,"evaluatedShift0":0.0,"evaluatedShift1":1.0,"evaluatedSolvedShift":0.0,"lensShiftY":0.0,"matrix0":[1.6845275163650513,0.0,0.0,0.0,0.0,2.2460367679595947,0.0,0.0,0.0,0.0,-1.0005557537078857,-0.10002778470516205,0.0,0.0,-1.0,0.0],"matrix1":[1.6845275163650513,0.0,0.0,0.0,0.0,2.2460365295410156,1.9999998807907104,0.0,0.0,0.0,-1.0005557537078857,-0.10002778470516205,0.0,0.0,-1.0,0.0],"matrixSolved":[1.6845275163650513,0.0,0.0,0.0,0.0,2.2460367679595947,0.0,0.0,0.0,0.0,-1.0005557537078857,-0.10002778470516205,0.0,0.0,-1.0,0.0],"maxOffTargetCalibrationDelta":2.384185791015625e-07,"maxOffTargetSolvedDelta":0.0,"maxProjectionError":6.406311081619265e-08,"originalShift0":0.0,"originalShift1":1.0,"profile":"closeup","response":1.9999998807907104,"solvedDifference":[0.0,0.0,0.0,0.0,0.0,0.0,0.0,0.0,0.0,0.0,0.0,0.0,0.0,0.0,0.0,0.0],"solvedShift":0.0,"targetError":0.0,"webglMatrix":[1.6845275163650513,0.0,0.0,0.0,0.0,2.2460367679595947,0.0,0.0,0.0,0.0,-1.0005557537078857,-1.0,0.0,0.0,-0.10002778470516205,0.0]}],"renderCallCountAtWrite":0,"schemaId":"tide-relay.temple-tr4.camera-binding","schemaVersion":1,"verdict":"READY_FOR_DIAGNOSTIC_RENDER"}
