{"atmosphereBinding":{"beautyLook":"AgX - Medium High Contrast","beautyViewTransform":"AgX","dither":0.0,"exposure":0.0,"fogAnisotropy":0.18000000715255737,"fogColorHex":"#9AA7A8","fogColorLinear":[0.32314321398735046,0.38642942905426025,0.3915724754333496],"fogDensity":0.0035000001080334187,"gamma":1.0,"transmittance120":0.6570468198150567,"transmittance20":0.9323938199059483,"transmittance520":0.16202575093388075,"verdict":"READY_FOR_DIAGNOSTIC_RENDER","worldColorHex":"#6E8294","worldColorLinear":[0.15592646598815918,0.22322796285152435,0.2961382567882538],"worldStrength":0.550000011920929},"blenderVersion":"4.5.5 LTS","diagnosticId":"006","lightingBinding":{"contact":{"actualLocalMinusZ":[-1.0658141036401503e-14,-0.6839411854743958,-0.7295370697975159],"alignmentRadians":1.332800374925012e-07,"colorHex":"#E7C79C","colorLinear":[0.7991027235984802,0.5711248517036438,0.3324515223503113],"energy":430.0,"location":[0.0,7.5,4.0],"shadow":false,"size":9.0,"target":[0.0,0.0,-4.0]},"fill":{"actualLocalMinusZ":[-0.4801894426345825,-0.6202492117881775,0.6202492117881775],"alignmentRadians":4.712160915387242e-08,"colorHex":"#7EA6C4","colorLinear":[0.20863686501979828,0.38132601976394653,0.5520114302635193],"energy":1.100000023841858,"normalizedSurfaceToLight":[0.48018938509387665,0.6202492057403881,-0.6202492057403881],"shadow":false,"surfaceToLight":[0.48019,0.62025,-0.62025]},"key":{"actualLocalMinusZ":[0.519662618637085,-0.7794939279556274,-0.3497716784477234],"alignmentRadians":7.598131170262078e-08,"colorHex":"#FFD7A3","colorLinear":[1.0,0.6795424818992615,0.366252601146698],"energy":4.199999809265137,"normalizedSurfaceToLight":[-0.5196625389214686,0.779493808382203,0.34977170888381265],"shadow":true,"surfaceToLight":[-0.51966,0.77949,0.34977]},"verdict":"READY_FOR_DIAGNOSTIC_RENDER"},"profiles":[{"actual":-0.05499999225139618,"b0":0.0,"b1":2.000000238418579,"difference":[0.0,0.0,0.0,0.0,0.0,0.0,2.000000238418579,0.0,0.0,0.0,0.0,0.0,0.0,0.0,0.0,0.0],"dominanceRatio":2000000238418.579,"evaluatedShift0":0.0,"evaluatedShift1":1.0,"evaluatedSolvedShift":-0.02749999612569809,"lensShiftY":-0.055,"matrix0":[4.88440465927124,0.0,0.0,0.0,0.0,2.7474775314331055,0.0,0.0,0.0,0.0,-1.0003077983856201,-0.16002461314201355,0.0,0.0,-1.0,0.0],"matrix1":[4.88440465927124,0.0,0.0,0.0,0.0,2.7474775314331055,2.000000238418579,0.0,0.0,0.0,-1.0003077983856201,-0.16002461314201355,0.0,0.0,-1.0,0.0],"matrixSolved":[4.88440465927124,0.0,0.0,0.0,0.0,2.7474775314331055,-0.05499999225139618,0.0,0.0,0.0,-1.0003077983856201,-0.16002461314201355,0.0,0.0,-1.0,0.0],"maxOffTargetCalibrationDelta":0.0,"maxOffTargetSolvedDelta":0.0,"maxProjectionError":3.5801857833916984e-07,"orientation":{"actualViewMatrix":[1.0,-0.0,0.0,0.0,-0.0,0.9847680926322937,-0.17387311160564423,-3.462690830230713,0.0,0.17387311160564423,0.9847680926322937,-16.04648780822754,-0.0,0.0,-0.0,1.0],"canonicalViewMatrix":[1.0,-0.0,0.0,-0.0,0.0,0.984768064636431,-0.17387311141236986,-3.46269070727785,-0.0,0.17387311141236986,0.984768064636431,-16.046487873230443,0.0,0.0,0.0,1.0],"determinant":1.0000000000000002,"forward":[0.0,-0.17387311141236986,-0.984768064636431],"localForwardAngleRadians":0.0,"localUpAngleRadians":0.0,"maxViewMatrixError":1.229528630020127e-07,"pairwiseDots":[0.0,0.0,0.0],"position":[0.0,6.2,15.2],"right":[1.0,-0.0,0.0],"target":[0.0,0.55,-16.8],"trueUp":[0.0,0.984768064636431,-0.17387311141236986],"up":[0.0,1.0,0.0],"vectorLengths":[1.0,1.0,1.0]},"originalShift0":0.0,"originalShift1":1.0,"profile":"portrait","response":2.000000238418579,"screenProjection":{"beamY":0.4571463595470962,"columnY":0.33260917199667583,"farRouteY":0.29438828765414093,"gapY":0.32721630220546205,"horizonY":0.22994925906377162,"ringY":0.36994932475949394,"routeCenterX":0.5,"runnerAnchor":[0.5,0.6703461345865895],"runnerFootLY":0.7443467701155642,"runnerFootRY":0.7697418185419374,"runnerHeadY":0.5932216687015301,"scarX":0.961327114581565,"verdict":"READY_FOR_DIAGNOSTIC_RENDER"},"solvedDifference":[0.0,0.0,0.0,0.0,0.0,0.0,-0.05499999225139618,0.0,0.0,0.0,0.0,0.0,0.0,0.0,0.0,0.0],"solvedShift":-0.02749999672174493,"targetError":7.748603821078337e-09,"webglMatrix":[4.88440465927124,0.0,0.0,0.0,0.0,2.7474775314331055,0.0,0.0,0.0,-0.05499999225139618,-1.0003077983856201,-1.0,0.0,0.0,-0.16002461314201355,0.0]},{"actual":-0.02500002086162567,"b0":0.0,"b1":2.000000238418579,"difference":[0.0,0.0,0.0,0.0,0.0,2.384185791015625e-07,2.000000238418579,0.0,0.0,0.0,0.0,0.0,0.0,0.0,0.0,0.0],"dominanceRatio":8388609.0,"evaluatedShift0":0.0,"evaluatedShift1":1.0,"evaluatedSolvedShift":-0.012499998323619366,"lensShiftY":-0.025,"matrix0":[1.4279893636703491,0.0,0.0,0.0,0.0,2.5386478900909424,0.0,0.0,0.0,0.0,-1.0003077983856201,-0.16002461314201355,0.0,0.0,-1.0,0.0],"matrix1":[1.4279893636703491,0.0,0.0,0.0,0.0,2.5386481285095215,2.000000238418579,0.0,0.0,0.0,-1.0003077983856201,-0.16002461314201355,0.0,0.0,-1.0,0.0],"matrixSolved":[1.4279893636703491,0.0,0.0,0.0,0.0,2.5386478900909424,-0.02500002086162567,0.0,0.0,0.0,-1.0003077983856201,-0.16002461314201355,0.0,0.0,-1.0,0.0],"maxOffTargetCalibrationDelta":2.384185791015625e-07,"maxOffTargetSolvedDelta":0.0,"maxProjectionError":7.764082377015313e-08,"orientation":{"actualViewMatrix":[1.0,-0.0,0.0,0.0,-0.0,0.9800161719322205,-0.19891776144504547,-3.233616352081299,0.0,0.19891776144504547,0.9800161719322205,-14.533661842346191,-0.0,0.0,-0.0,1.0],"canonicalViewMatrix":[1.0,-0.0,0.0,-0.0,0.0,0.9800161813910752,-0.1989177825425751,-3.2336162166508937,-0.0,0.1989177825425751,0.9800161813910752,-14.533661829126627,0.0,0.0,0.0,1.0],"determinant":1.0,"forward":[0.0,-0.1989177825425751,-0.9800161813910752],"localForwardAngleRadians":2.1073424255447017e-08,"localUpAngleRadians":2.1073424255447017e-08,"maxViewMatrixError":1.3543040511265758e-07,"pairwiseDots":[0.0,0.0,0.0],"position":[0.0,6.06,13.6],"right":[1.0,-0.0,0.0],"target":[0.0,0.6,-13.3],"trueUp":[0.0,0.9800161813910752,-0.1989177825425751],"up":[0.0,1.0,0.0],"vectorLengths":[1.0,1.0,1.0]},"originalShift0":0.0,"originalShift1":1.0,"profile":"desktop","response":2.000000238418579,"screenProjection":{"beamY":0.44579058347728573,"columnY":0.32502845178810275,"farRouteY":0.28926102890558364,"gapY":0.32002129294492476,"horizonY":0.22986026932477477,"ringY":0.3606724441836645,"routeCenterX":0.5,"runnerAnchor":[0.5,0.6702047296663309],"runnerFootLY":0.7435392255704312,"runnerFootRY":0.7714111159817681,"runnerHeadY":0.591270217963237,"scarX":0.6489260497746103,"verdict":"READY_FOR_DIAGNOSTIC_RENDER"},"solvedDifference":[0.0,0.0,0.0,0.0,0.0,0.0,-0.02500002086162567,0.0,0.0,0.0,0.0,0.0,0.0,0.0,0.0,0.0],"solvedShift":-0.012499998509884059,"targetError":2.086162566999894e-08,"webglMatrix":[1.4279893636703491,0.0,0.0,0.0,0.0,2.5386478900909424,0.0,0.0,0.0,-0.02500002086162567,-1.0003077983856201,-1.0,0.0,0.0,-0.16002461314201355,0.0]},{"actual":-0.01999993994832039,"b0":0.0,"b1":1.999999761581421,"difference":[0.0,0.0,0.0,0.0,0.0,-2.384185791015625e-07,1.999999761581421,0.0,0.0,0.0,0.0,0.0,0.0,0.0,0.0,0.0],"dominanceRatio":8388607.0,"evaluatedShift0":0.0,"evaluatedShift1":1.0,"evaluatedSolvedShift":-0.010000001639127731,"lensShiftY":-0.02,"matrix0":[1.0886046886444092,0.0,0.0,0.0,0.0,2.3558523654937744,0.0,0.0,0.0,0.0,-1.0003077983856201,-0.16002461314201355,0.0,0.0,-1.0,0.0],"matrix1":[1.0886046886444092,0.0,0.0,0.0,0.0,2.3558521270751953,1.999999761581421,0.0,0.0,0.0,-1.0003077983856201,-0.16002461314201355,0.0,0.0,-1.0,0.0],"matrixSolved":[1.0886046886444092,0.0,0.0,0.0,0.0,2.3558523654937744,-0.01999993994832039,0.0,0.0,0.0,-1.0003077983856201,-0.16002461314201355,0.0,0.0,-1.0,0.0],"maxOffTargetCalibrationDelta":2.384185791015625e-07,"maxOffTargetSolvedDelta":0.0,"maxProjectionError":7.755377051665846e-08,"orientation":{"actualViewMatrix":[1.0,-0.0,0.0,0.0,-0.0,0.9764761328697205,-0.21562567353248596,-3.2453198432922363,0.0,0.21562567353248596,0.9764761328697205,-13.824992179870605,-0.0,0.0,-0.0,1.0],