{"budgets":{"desktopDecodedTextureBytes":39845888,"desktopDrawCalls":60,"desktopVisibleTriangles":150000,"materialCount":10,"mobileDecodedTextureBytes":18874368,"mobileDrawCalls":45,"mobileVisibleTriangles":100000,"optimizedGlbBytes":8388608,"optimizedTriangles":110000,"sourceTriangles":150000},"cameras":[{"aspect":0.5625,"diagnosticResolution":[270,480],"far":520.0,"lensShiftY":-0.055,"near":0.08,"position":[0.0,6.2,15.2],"profile":"portrait","projectionAnchors":{"beam":[0.0,0.72,-18.0],"column":[0.0,1.12,-54.0],"farRoute":[0.0,0.0,-120.0],"gap":[0.0,0.0,-74.0],"ring":[0.0,1.05,-36.0],"routeCenter":[0.0,0.035,0.0],"runnerAnchor":[0.0,1.2,0.0],"runnerFootL":[-0.25,0.085,-0.56],"runnerFootR":[0.25,0.08,0.22],"runnerHead":[0.0,2.05,-0.25],"scar":[3.03,0.035,0.0]},"projectionMatrix":[4.884404301252662,0.0,0.0,0.0,0.0,2.7474774194546225,0.0,0.0,0.0,-0.055,-1.0003077396522544,-1.0,0.0,0.0,-0.16002461917218036,0.0],"resolution":[540,960],"target":[0.0,0.55,-16.8],"up":[0.0,1.0,0.0],"verticalFovDegrees":40.0,"viewMatrix":[1.0,0.0,-0.0,0.0,-0.0,0.984768064636431,0.17387311141236986,0.0,0.0,-0.17387311141236986,0.984768064636431,0.0,-0.0,-3.46269070727785,-16.046487873230443,1.0]},{"aspect":1.7777777777777777,"diagnosticResolution":[480,270],"far":520.0,"lensShiftY":-0.025,"near":0.08,"position":[0.0,6.06,13.6],"profile":"desktop","projectionAnchors":{"beam":[0.0,0.72,-18.0],"column":[0.0,1.12,-54.0],"farRoute":[0.0,0.0,-120.0],"gap":[0.0,0.0,-74.0],"ring":[0.0,1.05,-36.0],"routeCenter":[0.0,0.035,0.0],"runnerAnchor":[0.0,1.2,0.0],"runnerFootL":[-0.25,0.085,-0.56],"runnerFootR":[0.25,0.08,0.22],"runnerHead":[0.0,2.05,-0.25],"scar":[3.03,0.035,0.0]},"projectionMatrix":[1.427989441311173,0.0,0.0,0.0,0.0,2.5386478956643073,0.0,0.0,0.0,-0.025,-1.0003077396522544,-1.0,0.0,0.0,-0.16002461917218036,0.0],"resolution":[960,540],"target":[0.0,0.6,-13.3],"up":[0.0,1.0,0.0],"verticalFovDegrees":43.0,"viewMatrix":[1.0,0.0,-0.0,0.0,-0.0,0.9800161813910752,0.1989177825425751,0.0,0.0,-0.1989177825425751,0.9800161813910752,0.0,-0.0,-3.2336162166508937,-14.533661829126627,1.0]},{"aspect":2.164102564102564,"diagnosticResolution":[422,195],"far":520.0,"lensShiftY":-0.02,"near":0.08,"position":[0.0,6.15,12.8],"profile":"landscape","projectionAnchors":{"beam":[0.0,0.72,-18.0],"column":[0.0,1.12,-54.0],"farRoute":[0.0,0.0,-120.0],"gap":[0.0,0.0,-74.0],"ring":[0.0,1.05,-36.0],"routeCenter":[0.0,0.035,0.0],"runnerAnchor":[0.0,1.2,0.0],"runnerFootL":[-0.25,0.085,-0.56],"runnerFootR":[0.25,0.08,0.22],"runnerHead":[0.0,2.05,-0.25],"scar":[3.03,0.035,0.0]},"projectionMatrix":[1.0886047661981797,0.0,0.0,0.0,0.0,2.3558523658237527,0.0,0.0,0.0,-0.02,-1.0003077396522544,-1.0,0.0,0.0,-0.16002461917218036,0.0],"resolution":[844,390],"target":[0.0,0.55,-12.56],"up":[0.0,1.0,0.0],"verticalFovDegrees":46.0,"viewMatrix":[1.0,0.0,-0.0,0.0,-0.0,0.9764761052244132,0.21562563837763069,0.0,0.0,-0.2156256383776307,0.9764761052244131,0.0,-0.0,-3.2453198758964676,-13.824991822894916,1.0]},{"aspect":1.3333333333333333,"diagnosticResolution":[320,240],"far":180.0,"lensShiftY":0.0,"near":0.05,"position":[0.0,5.4,9.8],"profile":"closeup","projectionAnchors":{"beam":[0.0,0.72,-18.0],"column":[0.0,1.12,-54.0],"farRoute":[0.0,0.0,-120.0],"gap":[0.0,0.0,-74.0],"ring":[0.0,1.05,-36.0],"routeCenter":[0.0,0.035,0.0],"runnerAnchor":[0.46,1.08,-0.34],"runnerFootL":[-0.48,0.075,-0.72],"runnerFootR":[1.02,0.075,0.48],"runnerHead":[0.57,1.46,-0.62],"scar":[3.03,0.035,0.0]},"projectionMatrix":[1.684527580428162,0.0,0.0,0.0,0.0,2.246036773904216,0.0,0.0,0.0,0.0,-1.0005557099194222,-1.0,0.0,0.0,-0.1000277854959711,0.0],"resolution":[640,480],"target":[0.0,1.15,-3.4],"up":[0.0,1.0,0.0],"verticalFovDegrees":48.0,"viewMatrix":[1.0,0.0,-0.0,0.0,-0.0,0.9518783871674611,0.3064759958683113,0.0,0.0,-0.30647599586831137,0.951878387167461,0.0,-0.0,-2.1366785311948386,-10.98337857193,1.0]}],"collision":{"beamClearanceHeight":0.82,"gapClearanceHeight":0.52,"laneCenters":[-2.35,0,2.35],"laneTolerance":0.42,"laneWidth":2.35,"ringLowestSolidY":1.05,"roadBounds":[-3.2,3.2],"slidePoseMaxY":0.9,"slideTicks":31,"visualPadding":0.15,"visualSafetyBounds":[-2.92,2.92]},"construction":{"axis":{"forward":"-Z","right":"+X","up":"+Y"},"canyon":{"bandOrder":["near","mid","far"],"far":{"absXRange":[38.0,70.0],"contrast":0.3,"count":12,"saturation":0.24,"yRange":[-16.0,30.0],"zRange":[-180.0,-35.0]},"fullWidthWaterVisible":false,"mid":{"absXRange":[18.0,34.0],"contrast":0.58,"count":10,"saturation":0.48,"yRange":[-12.0,18.0],"zRange":[-140.0,-20.0]},"near":{"absXRange":[8.0,16.0],"contrast":0.86,"count":8,"saturation":0.72,"yRange":[-8.0,10.0],"zRange":[-100.0,-10.0]},"negativeSpaceCount":3,"occlusionBoundaryCount":2},"hazards":{"beam":{"action":"jump","collisionProxy":{"height":0.82,"widthAll":5.84,"widthLane":0.84},"semanticRoot":"TR4_Hazard_Beam","socketOrder":["entry","apex.clearance","exit","ground.L","ground.R"],"visualBounds":{"topYRange":[0.68,0.76],"widthLaneMax":1.55}},"column":{"action":"lane-change","collisionProxy":{"laneWidth":0.84},"semanticRoot":"TR4_Hazard_Column","socketOrder":["entry","safe.left","safe.right","exit","ground"],"visualBounds":{"widthLaneMax":1.55}},"gap":{"action":"jump","collisionProxy":{"clearanceHeight":0.52,"lengthFromCanonicalEvent":true},"semanticRoot":"TR4_Gap_Lips","socketOrder":["takeoff","apex.clearance","landing"],"visualBounds":{"hiddenFloor":false,"lipDepthMin":0.55}},"order":["beam","ring","column","gap"],"ring":{"action":"slide","collisionProxy":{"laneWidth":0.84,"requiresSlide":true},"semanticRoot":"TR4_Hazard_Ring","socketOrder":["entry","slide.clearance","exit","ground.L","ground.R"],"visualBounds":{"lowestSolidY":1.05,"openingHeight":0.9,"widthLaneMax":1.55}}},"lighting":{"contact":{"color":"#E7C79C","energy":430.0,"location":[0.0,7.5,4.0],"shadow":false,"shape":"DISK","size":9.0,"target":[0.0,0.0,-4.0]},"fill":{"color":"#7EA6C4","energy":1.1,"shadow":false,"surfaceToLight":[0.48019,0.62025,-0.62025]},"fogAnisotropy":0.18,"fogColor":"#9AA7A8","fogDensity":0.0035,"key":{"color":"#FFD7A3","energy":4.2,"shadow":true,"surfaceToLight":[-0.51966,0.77949,0.34977]},"worldColor":"#6E8294","worldStrength":0.55},"pursuer":{"bookendRoot":[0.0,0.0,2.4],"contactSocketOrder":["ground.front.L","ground.front.R","ground.rear.L","ground.rear.R","capture.target"],"height":1.78,"maxGroundError":0.03,"partOrder":["pelvisPlate","ribPlate","shoulderPlate","neck","head","jaw","foreleg.L.upper","foreleg.L.lower","paw.L.front","foreleg.R.upper","foreleg.R.lower","paw.R.front","hindleg.L.upper","hindleg.L.lower","paw.L.rear","hindleg.R.upper","hindleg.R.lower","paw.R.rear","dorsalSeam"],"triangleCeiling":24000},"road":{"bounds":[-3.2,3.2],"maxConsecutiveSignatureRepeats":2,"moduleCount":16,"moduleLengthRange":[6.0,11.0],"nearLoopShoulder":{"rightOuterX":4.45,"zRange":[2.8,5.2]},"rubbleEventsPerModule":1,"sideDepthRange":[2.5,8.0],"signatureOrder":["terrace-fracture","buttress-recess","collapsed-lip","strata-undercut","rubble-shoulder","split-ledge"],"strataEventsPerModule":2,"surfaceY":0.0,"thicknessRange":[0.55,1.2],"visualSafetyBounds":[-2.92,2.92],"width":6.4},"runner":{"contactSocketOrder":["ground.foot.L","ground.foot.R","camera.target"],"height":2.32,"maxGroundError":0.03,"partOrder":["pelvis","chest","head","upperArm.L","forearm.L","hand.L","upperArm.R","forearm.R","hand.R","thigh.L","shin.L","foot.L","thigh.R","shin.R","foot.R","coatTail.L","coatTail.R"],"poseOrder":["run.0","run.1","run.2","run.3","run.4","run.5","run.6","run.7","jump","slide","stumble","failure"],"root":[0.0,0.0,0.0],"triangleCeiling":18000},"tideScar":{"gapClipPadding":0.35,"hazardClipPadding":0.25,"loopControlPoints":[[3.0,0.035,4.0],[3.09,0.035,4.33],[3.33,0.035,4.56],[3.65,0.035,4.65],[3.98,0.035,4.56],[4.22,0.035,4.33],[4.3,0.035,4.0],[4.22,0.035,3.68],[3.98,0.035,3.44],[3.65,0.035,3.35],[3.33,0.035,3.44],[3.09,0.035,3.68],[3.0,0.035,4.0]],"mainCenterXRange":[3.0,3.06],