{
  "schema": "temple-tr3-a1-pixel-evidence-v1",
  "mode": "diagnostic",
  "thresholds": {
    "globalP50": 0.12,
    "globalP95": 0.55,
    "nearBlackFraction": 0.1,
    "roadP50": 0.25,
    "semanticP95": 0.18
  },
  "images": {
    "portrait": {
      "file": "diagnostic-portrait.png",
      "width": 360,
      "height": 640,
      "global": {
        "p50": 0.5439898039215685,
        "p95": 0.6577513725490196,
        "nearBlackFraction": 0.0
      },
      "rois": {
        "road": {
          "fraction": [
            0.32,
            0.3,
            0.69,
            0.98
          ],
          "bounds": [
            115,
            192,
            248,
            627
          ],
          "p50": 0.635606274509804,
          "p95": 0.6611223529411765
        },
        "runner": {
          "fraction": [
            0.4,
            0.48,
            0.6,
            0.76
          ],
          "bounds": [
            144,
            307,
            216,
            486
          ],
          "p50": 0.6431819607843137,
          "p95": 0.6605717647058823
        },
        "pursuer": {
          "fraction": [
            0.27,
            0.65,
            0.73,
            0.99
          ],
          "bounds": [
            97,
            416,
            263,
            634
          ],
          "p50": 0.6288643137254902,
          "p95": 0.6647764705882353
        },
        "ring": {
          "fraction": [
            0.35,
            0.28,
            0.65,
            0.56
          ],
          "bounds": [
            126,
            179,
            234,
            358
          ],
          "p50": 0.6395278431372549,
          "p95": 0.6605717647058823
        }
      }
    },
    "desktop": {
      "file": "diagnostic-desktop.png",
      "width": 640,
      "height": 360,
      "global": {
        "p50": 0.3515796078431372,
        "p95": 0.6496407843137255,
        "nearBlackFraction": 0.0
      },
      "rois": {
        "road": {
          "fraction": [
            0.33,
            0.27,
            0.67,
            0.99
          ],
          "bounds": [
            211,
            97,
            429,
            356
          ],
          "p50": 0.5440054901960784,
          "p95": 0.6580345098039215
        },
        "runner": {
          "fraction": [
            0.4,
            0.48,
            0.6,
            0.76
          ],
          "bounds": [
            256,
            173,
            384,
            274
          ],
          "p50": 0.6395278431372549,
          "p95": 0.6605717647058823
        },
        "pursuer": {
          "fraction": [
            0.28,
            0.63,
            0.72,
            0.99
          ],
          "bounds": [
            179,
            227,
            461,
            356
          ],
          "p50": 0.5241505882352941,
          "p95": 0.6583176470588236
        },
        "ring": {
          "fraction": [
            0.36,
            0.25,
            0.64,
            0.56
          ],
          "bounds": [
            230,
            90,
            410,
            202
          ],
          "p50": 0.4836250980392156,
          "p95": 0.6569333333333333
        }
      }
    },
    "closeup": {
      "file": "diagnostic-closeup.png",
      "width": 480,
      "height": 360,
      "global": {
        "p50": 0.5720274509803921,
        "p95": 0.6770917647058824,
        "nearBlackFraction": 0.0
      },
      "rois": {
        "road": {
          "fraction": [
            0.12,
            0.57,
            0.98,
            0.99
          ],
          "bounds": [
            58,
            205,
            470,
            356
          ],
          "p50": 0.6627898039215686,
          "p95": 0.6810133333333334
        },
        "runner": {
          "fraction": [
            0.66,
            0.05,
            0.98,
            0.5
          ],
          "bounds": [
            317,
            18,
            470,
            180
          ],
          "p50": 0.6406290196078431,
          "p95": 0.6627898039215686
        },
        "pursuer": {
          "fraction": [
            0.16,
            0.14,
            0.78,
            0.88
          ],
          "bounds": [
            77,
            50,
            374,
            317
          ],
          "p50": 0.5399113725490196,
          "p95": 0.6765254901960784
        }
      }
    }
  },
  "combined": {
    "p50": 0.4666666666666667,
    "p95": 0.6745098039215687,
    "nearBlackFraction": 0.0
  },
  "gates": {
    "globalP50": true,
    "globalP95": true,
    "nearBlackFraction": true,
    "roadP50": true,
    "semanticReadability": true,
    "mistBands": true
  },
  "passed": true
}
