{
  "schema": "temple-tr3-a1-pixel-evidence-v1",
  "mode": "final",
  "thresholds": {
    "globalP50": 0.12,
    "globalP95": 0.55,
    "nearBlackFraction": 0.1,
    "roadP50": 0.25,
    "semanticP95": 0.18
  },
  "images": {
    "portrait": {
      "file": "portrait-hero.png",
      "width": 900,
      "height": 1600,
      "global": {
        "p50": 0.5369490196078431,
        "p95": 0.6580345098039215,
        "nearBlackFraction": 0.0
      },
      "rois": {
        "road": {
          "fraction": [
            0.32,
            0.3,
            0.69,
            0.98
          ],
          "bounds": [
            288,
            480,
            621,
            1568
          ],
          "p50": 0.635606274509804,
          "p95": 0.6619560784313725
        },
        "runner": {
          "fraction": [
            0.4,
            0.48,
            0.6,
            0.76
          ],
          "bounds": [
            360,
            768,
            540,
            1216
          ],
          "p50": 0.6434494117647058,
          "p95": 0.6608392156862746
        },
        "pursuer": {
          "fraction": [
            0.27,
            0.65,
            0.73,
            0.99
          ],
          "bounds": [
            243,
            1040,
            657,
            1584
          ],
          "p50": 0.6288643137254902,
          "p95": 0.6658776470588235
        },
        "ring": {
          "fraction": [
            0.35,
            0.28,
            0.65,
            0.56
          ],
          "bounds": [
            315,
            448,
            585,
            896
          ],
          "p50": 0.6392603921568627,
          "p95": 0.6608549019607843
        }
      }
    },
    "desktop": {
      "file": "desktop-hero.png",
      "width": 1600,
      "height": 900,
      "global": {
        "p50": 0.35156392156862737,
        "p95": 0.6499082352941176,
        "nearBlackFraction": 0.0
      },
      "rois": {
        "road": {
          "fraction": [
            0.33,
            0.27,
            0.67,
            0.99
          ],
          "bounds": [
            528,
            243,
            1072,
            891
          ],
          "p50": 0.5353286274509803,
          "p95": 0.6602886274509804
        },
        "runner": {
          "fraction": [
            0.4,
            0.48,
            0.6,
            0.76
          ],
          "bounds": [
            640,
            432,
            960,
            684
          ],
          "p50": 0.6398109803921569,
          "p95": 0.6608549019607843
        },
        "pursuer": {
          "fraction": [
            0.28,
            0.63,
            0.72,
            0.99
          ],
          "bounds": [
            448,
            567,
            1152,
            891
          ],
          "p50": 0.4926101960784314,
          "p95": 0.6600211764705882
        },
        "ring": {
          "fraction": [
            0.36,
            0.25,
            0.64,
            0.56
          ],
          "bounds": [
            576,
            225,
            1024,
            504
          ],
          "p50": 0.494398431372549,
          "p95": 0.6583176470588236
        }
      }
    },
    "closeup": {
      "file": "runner-pursuer-obstacle-closeup.png",
      "width": 1200,
      "height": 900,
      "global": {
        "p50": 0.5694698039215687,
        "p95": 0.6770917647058824,
        "nearBlackFraction": 0.0
      },
      "rois": {
        "road": {
          "fraction": [
            0.12,
            0.57,
            0.98,
            0.99
          ],
          "bounds": [
            144,
            513,
            1176,
            891
          ],
          "p50": 0.6625066666666667,
          "p95": 0.6812964705882352
        },
        "runner": {
          "fraction": [
            0.66,
            0.05,
            0.98,
            0.5
          ],
          "bounds": [
            792,
            45,
            1176,
            450
          ],
          "p50": 0.6400784313725489,
          "p95": 0.6639427450980393
        },
        "pursuer": {
          "fraction": [
            0.16,
            0.14,
            0.78,
            0.88
          ],
          "bounds": [
            192,
            126,
            936,
            792
          ],
          "p50": 0.5396282352941176,
          "p95": 0.6768086274509804
        }
      }
    }
  },
  "combined": {
    "p50": 0.4627450980392157,
    "p95": 0.6745098039215687,
    "nearBlackFraction": 0.0
  },
  "gates": {
    "globalP50": true,
    "globalP95": true,
    "nearBlackFraction": true,
    "roadP50": true,
    "semanticReadability": true,
    "mistBands": true
  },
  "passed": true
}
